000D6B,meshes\pandorable\pan_npcs\hair\aviary.nif
000D6C,meshes\pandorable\pan_npcs\hair\aviaryhl.nif
001832,meshes\pandorable\pan_npcs\hair\straightscalphuman.nif
0022F7,meshes\pandorable\pan_npcs\hair\sky275hl.nif
0022F8,meshes\pandorable\pan_npcs\hair\sky275.nif
0022F9,meshes\pandorable\pan_npcs\hair\butterfly160hl.nif
0022FA,meshes\pandorable\pan_npcs\hair\butterfly160.nif
0022FB,meshes\pandorable\pan_npcs\hair\havenhl.nif
0022FC,meshes\pandorable\pan_npcs\hair\haven.nif
0022FD,meshes\pandorable\pan_npcs\hair\moonrisehl.nif
0022FE,meshes\pandorable\pan_npcs\hair\moonrise.nif
0022FF,meshes\pandorable\pan_npcs\hair\overflowhl.nif
002300,meshes\pandorable\pan_npcs\hair\overflow.nif
002301,meshes\pandorable\pan_npcs\hair\anto92hl.nif
002302,meshes\pandorable\pan_npcs\hair\anto92.nif
002303,meshes\pandorable\pan_npcs\hair\perfectillusionhl.nif
002304,meshes\pandorable\pan_npcs\hair\perfectillusion.nif
002305,meshes\pandorable\pan_npcs\hair\sparkshl.nif
002306,meshes\pandorable\pan_npcs\hair\sparks.nif
002307,meshes\pandorable\pan_npcs\hair\mhysahl.nif
002308,meshes\pandorable\pan_npcs\hair\mhysa.nif
002309,meshes\pandorable\pan_npcs\hair\sky201hl.nif
00230A,meshes\pandorable\pan_npcs\hair\sky201.nif
00230B,meshes\pandorable\pan_npcs\hair\sky208hl.nif
00230C,meshes\pandorable\pan_npcs\hair\sky208.nif
00230D,meshes\pandorable\pan_npcs\hair\sky241hl.nif
00230E,meshes\pandorable\pan_npcs\hair\sky241.nif
00230F,meshes\pandorable\pan_npcs\hair\sandrahl.nif
002310,meshes\pandorable\pan_npcs\hair\sandra.nif
002311,meshes\pandorable\pan_npcs\hair\sisterhl.nif
002312,meshes\pandorable\pan_npcs\hair\sky239.nif
002313,meshes\pandorable\pan_npcs\hair\butterfly128hl.nif
002314,meshes\pandorable\pan_npcs\hair\butterfly128.nif
002315,meshes\pandorable\pan_npcs\hair\quantumhl.nif
002316,meshes\pandorable\pan_npcs\hair\quantum.nif
002317,meshes\pandorable\pan_npcs\hair\peakyhl.nif
002318,meshes\pandorable\pan_npcs\hair\peaky.nif
002319,meshes\pandorable\pan_npcs\hair\sister.nif
00231A,meshes\pandorable\pan_npcs\hair\veteran fhl.nif
00231B,meshes\pandorable\pan_npcs\hair\sky239hl.nif
00231C,meshes\pandorable\pan_npcs\hair\veteran f.nif
00231D,meshes\pandorable\pan_npcs\hair\kamillhl.nif
00231E,meshes\pandorable\pan_npcs\hair\kamill.nif
00231F,meshes\pandorable\pan_npcs\hair\sky197hl.nif
002320,meshes\pandorable\pan_npcs\hair\sky197.nif
002321,meshes\pandorable\pan_npcs\hair\cambrianhl.nif
002322,meshes\pandorable\pan_npcs\hair\curlyscalphuman.nif
002323,meshes\pandorable\pan_npcs\hair\overnight.nif
002324,meshes\pandorable\pan_npcs\hair\sparklershl.nif
002325,meshes\pandorable\pan_npcs\hair\sparklers.nif
002326,meshes\pandorable\pan_npcs\hair\soundwavehl.nif
002327,meshes\pandorable\pan_npcs\hair\soundwave.nif
002328,meshes\pandorable\pan_npcs\hair\overnighthl.nif
002329,meshes\pandorable\pan_npcs\hair\cambrian.nif
00232A,meshes\pandorable\pan_npcs\hair\desperatehl.nif
00232B,meshes\pandorable\pan_npcs\hair\desperate.nif
00232C,meshes\pandorable\pan_npcs\hair\virginsnowhl.nif
00232D,meshes\pandorable\pan_npcs\hair\virginsnow.nif
00232E,meshes\pandorable\pan_npcs\hair\lacunahl.nif
00232F,meshes\pandorable\pan_npcs\hair\lacuna.nif
002330,meshes\pandorable\pan_npcs\hair\firenzehl.nif
002331,meshes\pandorable\pan_npcs\hair\firenze.nif
002332,meshes\pandorable\pan_npcs\hair\sweetslumberhl.nif
002333,meshes\pandorable\pan_npcs\hair\sweetslumber.nif
002334,meshes\pandorable\pan_npcs\hair\matchahl.nif
002335,meshes\pandorable\pan_npcs\hair\matcha.nif
002336,meshes\pandorable\pan_npcs\hair\sky094hl.nif
002337,meshes\pandorable\pan_npcs\hair\sky094.nif
002338,meshes\pandorable\pan_npcs\hair\amunethl.nif
002339,meshes\pandorable\pan_npcs\hair\amunet.nif
00233A,meshes\pandorable\pan_npcs\hair\temptresshl.nif
00233B,meshes\pandorable\pan_npcs\hair\temptress.nif
00233C,meshes\pandorable\pan_npcs\hair\sabrinahl.nif
00233D,meshes\pandorable\pan_npcs\hair\sabrina.nif
00233E,meshes\pandorable\pan_npcs\hair\jigglyhl.nif
00233F,meshes\pandorable\pan_npcs\hair\jiggly.nif
002340,meshes\pandorable\pan_npcs\hair\flutterhl.nif
002341,meshes\pandorable\pan_npcs\hair\flutter.nif
002342,meshes\pandorable\pan_npcs\hair\sugarhl.nif
002343,meshes\pandorable\pan_npcs\hair\sugar.nif
002344,meshes\pandorable\pan_npcs\hair\dragonflyhl.nif
002345,meshes\pandorable\pan_npcs\hair\dragonfly.nif
002346,meshes\pandorable\pan_npcs\hair\ninehl.nif
002347,meshes\pandorable\pan_npcs\hair\nine.nif
002348,meshes\pandorable\pan_npcs\hair\prismahl.nif
002349,meshes\pandorable\pan_npcs\hair\prisma.nif
00234A,meshes\pandorable\pan_npcs\hair\sandglasshl.nif
00234B,meshes\pandorable\pan_npcs\hair\sandglass.nif
00234C,meshes\pandorable\pan_npcs\hair\violethl.nif
00234D,meshes\pandorable\pan_npcs\hair\violet.nif
00234E,meshes\pandorable\pan_npcs\hair\say foreverhl.nif
00234F,meshes\pandorable\pan_npcs\hair\say forever.nif
002350,meshes\pandorable\pan_npcs\hair\wake uphl.nif
002351,meshes\pandorable\pan_npcs\hair\wake up.nif
002352,meshes\pandorable\pan_npcs\hair\top gorgeoushl.nif
002353,meshes\pandorable\pan_npcs\hair\top gorgeous.nif
002354,meshes\pandorable\pan_npcs\hair\liliohl.nif
002355,meshes\pandorable\pan_npcs\hair\lilio.nif
002356,meshes\pandorable\pan_npcs\hair\butterfly116hl.nif
002357,meshes\pandorable\pan_npcs\hair\butterfly116.nif
002358,meshes\pandorable\pan_npcs\hair\vice cityhl.nif
002359,meshes\pandorable\pan_npcs\hair\vice city.nif
00490A,meshes\pandorable\pan_npcs\hair\magnoliashl.nif
00490B,meshes\pandorable\pan_npcs\hair\magnolias.nif
004910,meshes\pandorable\pan_npcs\hair\sky124hl.nif
004911,meshes\pandorable\pan_npcs\hair\sky124.nif
004914,meshes\pandorable\pan_npcs\hair\envy 2hl.nif
004915,meshes\pandorable\pan_npcs\hair\envy 2.nif
004916,meshes\pandorable\pan_npcs\hair\titaniumhl.nif
004917,meshes\pandorable\pan_npcs\hair\titanium.nif
004E7A,meshes\pandorable\pan_npcs\hair\nalahl.nif
004E7B,meshes\pandorable\pan_npcs\hair\nala.nif
004E7C,meshes\pandorable\pan_npcs\hair\bloodlinehl.nif
004E7D,meshes\pandorable\pan_npcs\hair\bloodline.nif
004E7E,meshes\pandorable\pan_npcs\hair\youthhl.nif
004E7F,meshes\pandorable\pan_npcs\hair\youth.nif
004E80,meshes\pandorable\pan_npcs\hair\serenehl.nif
004E81,meshes\pandorable\pan_npcs\hair\serene.nif
004E82,meshes\pandorable\pan_npcs\hair\crows.nif
004E84,meshes\pandorable\pan_npcs\hair\winehl.nif
004E85,meshes\pandorable\pan_npcs\hair\wine.nif
004E86,meshes\pandorable\pan_npcs\hair\erenahl.nif
004E87,meshes\pandorable\pan_npcs\hair\erena.nif
004E88,meshes\pandorable\pan_npcs\hair\lightyearhl.nif
004E89,meshes\pandorable\pan_npcs\hair\lightyear.nif
004E8A,meshes\pandorable\pan_npcs\hair\oldschoolhl.nif
004E8B,meshes\pandorable\pan_npcs\hair\oldschool.nif
004E8C,meshes\pandorable\pan_npcs\hair\nairahl.nif
004E8D,meshes\pandorable\pan_npcs\hair\naira.nif
004E8E,meshes\pandorable\pan_npcs\hair\pasodoblehl.nif
004E8F,meshes\pandorable\pan_npcs\hair\pasodoble.nif
004E90,meshes\pandorable\pan_npcs\hair\somberhl.nif
004E91,meshes\pandorable\pan_npcs\hair\somber.nif
004E92,meshes\pandorable\pan_npcs\hair\nanahl.nif
004E93,meshes\pandorable\pan_npcs\hair\nana.nif
004E94,meshes\pandorable\pan_npcs\hair\synthesishl.nif
004E95,meshes\pandorable\pan_npcs\hair\synthesis.nif
004E96,meshes\pandorable\pan_npcs\hair\alessandrahl.nif
004E97,meshes\pandorable\pan_npcs\hair\alessandra.nif
006982,meshes\pandorable\pan_npcs\hair\desiraehl.nif
006983,meshes\pandorable\pan_npcs\hair\desirae.nif
006EE6,meshes\pandorable\pan_npcs\hair\rosannahl.nif
006EE7,meshes\pandorable\pan_npcs\hair\rosanna.nif
006EE8,meshes\pandorable\pan_npcs\hair\sakurahl.nif
006EE9,meshes\pandorable\pan_npcs\hair\sakura.nif
006EEA,meshes\pandorable\pan_npcs\hair\venerishl.nif
006EEB,meshes\pandorable\pan_npcs\hair\veneris.nif
006EEC,meshes\pandorable\pan_npcs\hair\princesshl.nif
006EED,meshes\pandorable\pan_npcs\hair\princess.nif
006EEE,meshes\pandorable\pan_npcs\hair\sky161hl.nif
006EEF,meshes\pandorable\pan_npcs\hair\sky161.nif
006EF0,meshes\pandorable\pan_npcs\hair\perryhl.nif
006EF1,meshes\pandorable\pan_npcs\hair\perry.nif
006EF2,meshes\pandorable\pan_npcs\hair\sky198hl.nif
006EF3,meshes\pandorable\pan_npcs\hair\sky198.nif
006EF4,meshes\pandorable\pan_npcs\hair\angelichl.nif
006EF5,meshes\pandorable\pan_npcs\hair\angelic.nif
006EF6,meshes\pandorable\pan_npcs\hair\fleetinghl.nif
006EF7,meshes\pandorable\pan_npcs\hair\fleeting.nif
00745A,meshes\pandorable\pan_npcs\hair\sangriahl.nif
00745B,meshes\pandorable\pan_npcs\hair\sangria.nif
00745C,meshes\pandorable\pan_npcs\hair\wandahl.nif
00745D,meshes\pandorable\pan_npcs\hair\wanda.nif
00745E,meshes\pandorable\pan_npcs\hair\straightscalpelves.nif
00745F,meshes\pandorable\pan_npcs\hair\dear youhl.nif
007460,meshes\pandorable\pan_npcs\hair\dear you.nif
007461,meshes\pandorable\pan_npcs\hair\maggiehl.nif
007462,meshes\pandorable\pan_npcs\hair\maggie.nif
007463,meshes\pandorable\pan_npcs\hair\colahl.nif
007464,meshes\pandorable\pan_npcs\hair\cola.nif
