0036C9,meshes\pandorable\pan_npcs_db\hair\curlyscalpelves male.nif
006593,meshes\pandorable\pan_npcs_db\hair\straightscalphuman.nif
00659A,meshes\pandorable\pan_npcs_db\hair\scalphuman_male.nif
00659C,meshes\pandorable\pan_npcs_db\hair\unchained.nif
00659D,meshes\pandorable\pan_npcs_db\hair\winehl.nif
00659E,meshes\pandorable\pan_npcs_db\hair\wine.nif
00659F,meshes\pandorable\pan_npcs_db\hair\benjaminhl.nif
0065A2,meshes\pandorable\pan_npcs_db\hair\royhl.nif
0065A3,meshes\pandorable\pan_npcs_db\hair\unchainedhl.nif
0065A4,meshes\pandorable\pan_npcs_db\hair\roy.nif
0065A5,meshes\pandorable\pan_npcs_db\hair\blackouthl.nif
0065A7,meshes\pandorable\pan_npcs_db\hair\blackout.nif
0065A8,meshes\pandorable\pan_npcs_db\hair\benjamin.nif
00C33B,meshes\pandorable\pan_npcs_db\hair\soledad f.nif
00C33C,meshes\pandorable\pan_npcs_db\hair\soledad fhl.nif
00F207,meshes\pandorable\pan_npcs_db\hair\violethl.nif
00F208,meshes\pandorable\pan_npcs_db\hair\violet.nif
00F209,meshes\pandorable\pan_npcs_db\hair\pasodoblehl.nif
00F20A,meshes\pandorable\pan_npcs_db\hair\pasodoble.nif
00F20B,meshes\pandorable\pan_npcs_db\hair\tonighthl.nif
00F20C,meshes\pandorable\pan_npcs_db\hair\tonight.nif
00F20D,meshes\pandorable\pan_npcs_db\hair\artertonhl.nif
00F20E,meshes\pandorable\pan_npcs_db\hair\arterton.nif
00F20F,meshes\pandorable\pan_npcs_db\hair\industrialhl.nif
00F210,meshes\pandorable\pan_npcs_db\hair\industrial.nif
00F211,meshes\pandorable\pan_npcs_db\hair\butterfly127hl.nif
00F212,meshes\pandorable\pan_npcs_db\hair\butterfly127.nif
00F215,meshes\pandorable\pan_npcs_db\hair\cambrianhl.nif
00F216,meshes\pandorable\pan_npcs_db\hair\cambrian.nif
00F217,meshes\pandorable\pan_npcs_db\hair\chain reactionhl.nif
00F218,meshes\pandorable\pan_npcs_db\hair\chain reaction.nif
00F219,meshes\pandorable\pan_npcs_db\hair\crowshl.nif
00F21A,meshes\pandorable\pan_npcs_db\hair\crows.nif
00F21B,meshes\pandorable\pan_npcs_db\hair\haunting2hl.nif
00F21C,meshes\pandorable\pan_npcs_db\hair\haunting2.nif
00F21D,meshes\pandorable\pan_npcs_db\hair\joshuahl.nif
00F21E,meshes\pandorable\pan_npcs_db\hair\joshua.nif
00F21F,meshes\pandorable\pan_npcs_db\hair\kamillhl.nif
00F220,meshes\pandorable\pan_npcs_db\hair\kamill.nif
00F221,meshes\pandorable\pan_npcs_db\hair\onyxhl.nif
00F222,meshes\pandorable\pan_npcs_db\hair\onyx.nif
00F223,meshes\pandorable\pan_npcs_db\hair\sky197hl.nif
00F224,meshes\pandorable\pan_npcs_db\hair\sky197.nif
00F225,meshes\pandorable\pan_npcs_db\hair\panichl.nif
00F226,meshes\pandorable\pan_npcs_db\hair\panic.nif
00F227,meshes\pandorable\pan_npcs_db\hair\emilyhl.nif
00F228,meshes\pandorable\pan_npcs_db\hair\emily.nif
00F229,meshes\pandorable\pan_npcs_db\hair\siamesehl.nif
00F22A,meshes\pandorable\pan_npcs_db\hair\siamese.nif
00F22B,meshes\pandorable\pan_npcs_db\hair\gantzhl.nif
00F22C,meshes\pandorable\pan_npcs_db\hair\gantz.nif
00F22D,meshes\pandorable\pan_npcs_db\hair\nalahl.nif
00F22E,meshes\pandorable\pan_npcs_db\hair\nala.nif
00F22F,meshes\pandorable\pan_npcs_db\hair\sakuradropshl.nif
00F230,meshes\pandorable\pan_npcs_db\hair\sakuradrops.nif
00F233,meshes\pandorable\pan_npcs_db\hair\crescenthl.nif
00F234,meshes\pandorable\pan_npcs_db\hair\crescent.nif
00F235,meshes\pandorable\pan_npcs_db\hair\sandrahl.nif
00F236,meshes\pandorable\pan_npcs_db\hair\sandra.nif
00F237,meshes\pandorable\pan_npcs_db\hair\cloudhl.nif
00F238,meshes\pandorable\pan_npcs_db\hair\cloud.nif
012102,meshes\pandorable\pan_npcs_db\hair\fontanaditrevi.nif
012103,meshes\pandorable\pan_npcs_db\hair\fontanaditrevihl.nif
